{"name":"Portal de Trabajadores","short_name":"Portal de Trabajadores","theme_color":"#B56CB4","background_color":"#B56CB4","display":"standalone","scope":"./","start_url":"/","icons":[{"src":"assets/icons/icon-48.webp","type":"image/png","sizes":"48x48"},{"src":"assets/icons/icon-72.webp","type":"image/png","sizes":"72x72"},{"src":"assets/icons/icon-96.webp","type":"image/png","sizes":"96x96"},{"src":"assets/icons/icon-128.webp","type":"image/png","sizes":"128x128"},{"src":"assets/icons/icon-192.webp","type":"image/png","sizes":"192x192"},{"src":"assets/icons/icon-256.webp","type":"image/png","sizes":"256x256"},{"src":"assets/icons/icon-512.webp","type":"image/png","sizes":"512x512"}]}